철도운영기관명,선명,역명,출입구번호,상세위치,정원_인원,정원_중량(kg)
대구교통공사,1호선,각산,1,(1F) 1번 출입구 앞 (B1F) 발매기실 앞,13,1000
대구교통공사,1호선,각산,,(B1F) 설화명곡역 방향 표 내는 곳  (B2F) 설화명곡역 방향 6-2 출입문 앞,13,1000
대구교통공사,1호선,각산,,(B1F) 안심역 방향 표 내는 곳 (B2F) 안심역 방향 3-3 출입문 앞,13,1000
대구교통공사,1호선,각산,3,(1F) 2번/3번 출입구 사이 (B1F) 2번/3번 출입구 방향,13,1000
대구교통공사,1호선,교대,4,(1F) 4번 출입구 앞 (B2F) 2코너 표 내는 곳 옆,13,1000
대구교통공사,1호선,교대,3,(1F) 3번 출입구 앞 (B2F) 2코너 표 사는 곳 옆,13,1000
대구교통공사,1호선,교대,,(B2F) 2코너 표 내는 곳 옆 (B3F) 영대병원역 방향 승강장 6-4근처 비승차구간 ,13,1000
대구교통공사,1호선,교대,,(B2F) 2코너 표 내는 곳 옆 (B3F) 명덕역 방향 승강장 2-3 출입문 앞,13,1000
대구교통공사,1호선,대곡(정부대구청사),4,(1F) 4번 출입구 앞 (B2F) 대합실 고객안내센터 옆 (B3F) 화원역 방향승강장 4-1 출입문 앞,13,1000
대구교통공사,1호선,대곡(정부대구청사),3,(1F) 3번 출입구 앞 (B2F) 대합실 발매기실 옆 (B3F) 화원역 방향 승강장 6-1출입문 앞,13,1000
대구교통공사,1호선,대구역,1,(1F) 2번 출입구 옆 (B2F) 1/2번 출입구 방향 (B3F) 중앙로역 방향 승강장 3-2 출입문 앞,13,1000
대구교통공사,1호선,대구역,4,(1F) 4번 출입구 옆 (B2F) 장애인 화장실 옆 (B3F) 칠성시장역 방향 승강장 3-2 출입문 앞,13,1000
대구교통공사,1호선,대명,4,(1F) 4번 출입구 앞 (B1F) 무더위 쉼터 옆,13,1000
대구교통공사,1호선,대명,,(B1F) 표사는 곳 옆 (B2F) 안심방면 승강장 6-2 출입문 앞,13,1000
대구교통공사,1호선,대명,,(B1F) 나가는 곳 1번/4번 출입구 옆 (B2F) 설화명곡방면 승강장 3-3 출입문 앞,13,1000
대구교통공사,1호선,대명,2,(1F) 2번/3번 출입구 사이 (B1F) 나가는 곳 2/3번 출입구 사이,13,1000
대구교통공사,1호선,동구청(큰고개),1,(1F) 1번 출입구 앞 (B1F)표 내는 곳 옆쪽 방향/ 1번 출입구 방향,13,1000
대구교통공사,1호선,동구청(큰고개),2,(1F) 2번 출입구 앞 (B1F)표 내는 곳 옆쪽 방향/ 2번 출입구 방향,13,1000
대구교통공사,1호선,동구청(큰고개),,(B1F)표내는곳 뒤쪽 방향/ 4번 출입구 방향 (B2F)설화명곡행 열차 출입문 6-1/ 6-2 사이,13,1000
대구교통공사,1호선,동구청(큰고개),,(B1F)표 내는 곳 뒤쪽 방향/ 3번 출입구 방향 (B2F)안심행 열차 출입문 3-3/ 3-4 사이,13,1000
대구교통공사,1호선,동대구역,1,(1F) 2번 출입구 앞 (B1F) 수유실 옆 (B3F) 신천역 방면 2-1 출입문 앞,13,1000
대구교통공사,1호선,동대구역,,(B1F) 통신기계실 옆 (B3F) 동구청역 방면 2-1 출입문 앞,13,1000
대구교통공사,1호선,동대구역,3,(3F) 철도 동대구역 광장 옆 (1F) 3번 출입구 옆 (B1F) 3번 출입구 옆,18,1350
대구교통공사,1호선,동대구역,2,(1F) 2번 출입구 옆 (B1F) 대합실 중앙 (B2F) 전시장 중앙 (B3F) 동구청역 방면 5-1 출입문 앞,18,1350
대구교통공사,1호선,동촌,4,(1F) 4번 출입구 근처 (B3F) 4번 출입구 방향/ 승차권발매기 옆,13,1000
대구교통공사,1호선,동촌,,(B3F) 1번 출입구 방향/ 우대권지급기 옆 (B4F) 아양교역 방향 승강장 3-4 출입문 앞,13,1000
대구교통공사,1호선,동촌,,(B3F) 2번 출입구 방향/ 화장실 옆 (B4F) 해안역 방향 승강장 6-1 출입문 앞,13,1000
대구교통공사,1호선,명덕(2.28민주운동기념회관),5,(1F) 5번/6번 출입구 사이 (B1F) 5번 출입구 옆,13,1000
대구교통공사,1호선,명덕(2.28민주운동기념회관),,(B1F) 표내는 곳 내 계단 앞/ 1번/7번 출입구 방향 (B2F) 교대역 방향 승강장 4-3  출입문 앞,13,1000
대구교통공사,1호선,명덕(2.28민주운동기념회관),,(B1F) 표내는 곳 내 계단 앞/ 5번/6번 출입구 방향 (B2F) 반월당역 방향 승강장 5-2 출입문 앞,13,1000
대구교통공사,1호선,반야월,1,(1F) 1번 출입구 뒤/ 반야월네거리 진병원 앞 (B1F) 1출 출입구 계단 방향,13,1000
대구교통공사,1호선,반야월,,(B1F) 고객안내센터 앞 (B2F) 설화명곡 방면 6-1 출입문 앞,13,1000
대구교통공사,1호선,반야월,,(B1F) 고객안내센터 앞 (B2F) 안심 방면 3-4 출입문 앞,13,1000
대구교통공사,1호선,반야월,2,(1F) 2번 출입구 뒤 (B1F) 반야월네거리 한국자원 앞,13,1000
대구교통공사,1호선,반월당,23,(1F) 23번 출입구 앞 (B2F) 대합실(2코너 발매기 옆),13,1000
대구교통공사,1호선,반월당,3,(1F) 3번 출입구 앞 (B2F) 대합실(건강관리 코너  옆),13,1000
대구교통공사,1호선,반월당,,(B2F)고객힐링쉼터 옆 (B3F) 상선승강장(3-4),13,1000
대구교통공사,1호선,반월당,,(B2F) 대합실( 1코너 발매기 옆) (B3F) 하선 승강장(6-1),13,1000
대구교통공사,1호선,방촌,4,(1F) 4번 출입구 앞 (B1F) 표내는 곳 옆/ 1번/4번 출입구 방향,13,1000
대구교통공사,1호선,방촌,3,(1F) 3번 출입구 앞 (B1F) 표내는 곳 옆/ 2번/3번 출입구 방향,13,1000
대구교통공사,1호선,방촌,,(B1F) 4번 출입구 계단 옆 (B2F) 해안역 방향 승강장 3-3 출입문 앞,13,1000
대구교통공사,1호선,방촌,,(B1F) 3번 출입구 계단 옆 (B2F) 용계역 방향 승강장 6-2 출입문 앞,13,1000
대구교통공사,1호선,상인,7,(1F) 7번/8번 출입구 사이 (B1F) 8번 출입구 방향,13,1000
대구교통공사,1호선,상인,4,(1F) 3번/4번 출입구 사이 (B1F) 3번 출입구 방향,13,1000
대구교통공사,1호선,상인,,(B1F) 대합실 화장실 옆 (B2F) 월배역 방향 승강장 3-3 출입문 앞,13,1000
대구교통공사,1호선,상인,,(B1F) 대합실 이마트24 옆 (B2F) 월촌역 방향 승강장 6-2 출입문 앞,13,1000
대구교통공사,1호선,서부정류장(관문시장),3,(1F) 3번 출입구 옆 (B1F) 옷가게 임대매장 옆,13,1000
대구교통공사,1호선,서부정류장(관문시장),,(B1F) 대합실 화장실 근처 (B2F) 송현역 방향 승강장 3-4 출입문 앞,13,1000
대구교통공사,1호선,서부정류장(관문시장),,(B1F) 옷가게 임대매장 뒤 (B2F) 대명역 방향 승강장 6-1 출입문 앞,13,1000
대구교통공사,1호선,설화명곡,8,(1F) 7번/8번 출입구 사이 (B1F)  8번 출입구 옆,15,1150
대구교통공사,1호선,설화명곡,4,(1F) 3번/4번 출입구 사이 (B1F)  3번/4번 출입구 사이,15,1150
대구교통공사,1호선,설화명곡,,(B1F) 8번 출입구 옆 (B3F) 상선 승강장 출입문 5-1 앞,15,1150
대구교통공사,1호선,설화명곡,,(B1F) 남자/ 여자 화장실 사이 (B3F) 화원역 방향 승강장 출입문 5-1 앞,15,1150
대구교통공사,1호선,송현,4,(1F) 4번 출입구 뒤 (B1F) 1번/4번 출입구 방향 사이 (B2F) 표 내는 곳 밖 4번 방향 계단 옆,13,1000
대구교통공사,1호선,송현,2,(1F) 2번 출입구 뒤 (B2F) 표 내는 곳 밖 2번 출구 방향 계단 옆,13,1000
대구교통공사,1호선,송현,,(B2F) 표 내는 곳 내 1번/4번 출입구 방향 (B3F) 승강장 6-1 출입문 앞,13,1000
대구교통공사,1호선,송현,,(B2F) 표 내는 곳 내 2번/3번 출입구 방향 (B3F) 승강장 3-4 출입문 앞,13,1000
대구교통공사,1호선,신기,4,(1F) 1번/4번 출입구 사이 (B1F) 대합실 헬스존 방향,13,1000
대구교통공사,1호선,신기,3,(1F) 2번/3번 출입구 사이 (B1F) 대합실 방향,13,1000
대구교통공사,1호선,신기,,(B1F) 1번 출입구 방향 표내는곳 내 계단 맞은편 (B2F)율하 방향 승강장,13,1000
대구교통공사,1호선,신기,,(B1F) 2번 출입구 방향 표내는곳 내 계단 맞은편 (B2F) 반야월 방향 승강장,13,1000
대구교통공사,1호선,신천(경북대입구),7,(1F) 7번/8번 출입구 사이 (B1F) 7번/8번 출입구 방향,13,1000
대구교통공사,1호선,신천(경북대입구),4,(1F) 3번/4번 출입구 사이 (B1F) 3번/4번 출입구 방향,13,1000
대구교통공사,1호선,신천(경북대입구),,(B1F) 7번/8번 출입구 방향 (B2F) 칠성시장역 방향 승강장 3-1 출입문 앞 ,13,1000
대구교통공사,1호선,신천(경북대입구),,(B1F) 5번/6번 출입구 방향 (B2F) 동대구역 방향 승강장 6-4 출입문 앞,13,1000
대구교통공사,1호선,아양교,4,(1F) 4번 출입구 뒤 (B3F) 대합실 화장실 옆,13,1000
대구교통공사,1호선,아양교,,(B3F) 동구청역 방향 표내는곳 앞 (B4F) 동구청역 방향 승강장 5-1 출입문 앞,13,1000
대구교통공사,1호선,아양교,,(B3F) 동촌역 방향표내는곳 앞 (B4F) 동촌역 방향 승강장 5-1 출입문 앞,13,1000
대구교통공사,1호선,안심(혁신도시·첨복단지),2,(1F) 2번 출입구 뒤 (B1F) 대합실 승강장간 엘리베이터 맞은편 표 내는 곳 앞 ,13,1000
대구교통공사,1호선,안심(혁신도시·첨복단지),3,(1F) 3번 출입구 뒤 (B1F) 3번/4번 출입구 계단 사이,13,1000
대구교통공사,1호선,안심(혁신도시·첨복단지),,(B1F) 표 내는 곳 앞 계단 앞 (B2F) 각산역 방향 승강장 4-4 출입문 앞,13,1000
대구교통공사,1호선,안지랑,1,(1F) 1번 외부 출입구 앞 (B1F) 역무실 출입문 앞,13,1000
대구교통공사,1호선,안지랑,2,(1F) 2번/3번 외부 출입구 사이 (B1F) 대합실 2번 출입구 방향,13,1000
대구교통공사,1호선,안지랑,,(B1F) AGM-1-51 표내는곳 내 (B2F)대명역 방향 승강장 6-2 출입문 앞,13,1000
대구교통공사,1호선,안지랑,,(B1F) 대합실 2번 외부 출입구 방향 (B2F)현충로역 방향 승강장 3-3 출입문 앞,13,1000
대구교통공사,1호선,영대병원,2,(1F) 2번 출입구 옆 (B1F) 이마트24 옆,13,1000
대구교통공사,1호선,영대병원,,(B1F) 표내는 곳 옆 (B2F)설화명곡행 승강장 6-1(노약자/장애인석),13,1000
대구교통공사,1호선,영대병원,,(B1F) 남녀화장실(장애인화장실포함) 입구 옆 (B2F) 안심행 승강장 3-4 (노약자석),13,1000
대구교통공사,1호선,용계,4,(1F) 4번 출입구 앞 (B1F) 고객힐링쉼터 정수기 옆  4번 출입구 방향,13,1000
대구교통공사,1호선,용계,,(B1F) 고객힐링쉼터 정수기 맞은편 (B2F) 설화명곡역 방향 승강장 3-3 출입문 앞,13,1000
대구교통공사,1호선,용계,,(B1F) 지폐교환기 근처 (B2F) 안심역 방향 승강장 6-2 출입문 앞,13,1000
대구교통공사,1호선,월배,4,(1F) 4번 출입구 앞 (B1F) ,13,1000
대구교통공사,1호선,월배,3,(1F) 3번 출입구 앞 (B1F),13,1000
대구교통공사,1호선,월배,,(B1F) 대합실 셔터 앞 (B2F) 진천역 방향 승강장 3-3출입문 앞,13,1000
대구교통공사,1호선,월배,,(B1F) 대합실 셔터 앞 (B2F) 상인역 방향 승강장 6-2출입문 앞,13,1000
대구교통공사,1호선,월촌,1,(1F) 1번/2번 출입구 사이 (B1F) 1번/2번 출입구 방향,13,1000
대구교통공사,1호선,월촌,4,(1F) 3번/4번 출입구 사이 (B1F) 3번/4번 출입구 방향,13,1000
대구교통공사,1호선,월촌,,(B1F) 표내는곳 내 계단 옆 (B2F) 상인역 방향 승강장 3-4 출입문 앞,13,1000
대구교통공사,1호선,월촌,,(B1F) 표내는곳 내 계단 옆 (B2F) 송현역 방향 승강장 6-1 출입문 앞,13,1000
대구교통공사,1호선,율하,5,(1F) 5번 출입구 뒤 (B1F) 5번 출입구 방향,13,1000
대구교통공사,1호선,율하,2,(1F) 2번 출입구 뒤 (B1F) 2번 출입구 방향,13,1000
대구교통공사,1호선,율하,4,(1F) 3/4번 출입구/ 사이 롯데마트 앞 (B1F) 3/4번 출입구/ 롯데마트 입구 앞,13,1000
대구교통공사,1호선,율하,,(B1F) 개찰구 옆 5번/ 출입구 방향 (B2F) 용계역 방향 승강장 6-1 출입문 앞,13,1000
대구교통공사,1호선,율하,,(B1F) 개찰구 옆/ 4번출입구 방면 (B2F) 신기역 방향 승강장 3-4 출입문 앞,13,1000
대구교통공사,1호선,중앙로,2,(1F) 2번 출입구 뒤 (B1F) 2번 출입구 계단 뒤 (B2F) 1번/2번 출입구 방면 대합실,13,1000
대구교통공사,1호선,중앙로,3,(1F) 2번/3번 출입구 사이 (B2F) 3번/4번 출입구 방면 대합실 표 내는 곳 옆,13,1000
대구교통공사,1호선,중앙로,,(B2F) 1번 출입구 방향 계단 뒤 (B3F) 1반월당역 방향 승강장 2-4 출입문 앞,13,1000
대구교통공사,1호선,중앙로,,(B2F) 2번 출입구 방향 계단 뒤 (B3F) 대구역 방향 승강장 5-1 출입문 앞,13,1000
대구교통공사,1호선,진천,4,(1F) 4번 출입구 앞 (B1F) 대합실 쉼터 앞,13,1000
대구교통공사,1호선,진천,3,(1F) 3번 출입구 근처 (B1F)3번 출입구 앞,13,1000
대구교통공사,1호선,진천,,(B1F) 대합실 셔터 앞 (B2F) 대곡역 방향 승강장 3-2출입문 앞,13,1000
대구교통공사,1호선,진천,,(B1F) 대합실 셔터 앞 (B2F) 월배역 방향 승강장 6-3출입문 앞,13,1000
대구교통공사,1호선,칠성시장,2,(1F) 2번 출입구 뒤 (B1F) 2번 출입구 방향 (B2F) 역무실옆/ 2번 출입구 방향,18,1350
대구교통공사,1호선,칠성시장,,(B2) 자전거보관함 옆/ 1번 출입구 방향 (B3) 대구역 방향 승강장3-4 출입문 앞,13,1000
대구교통공사,1호선,칠성시장,,(B2F) 1발매기실 옆/ 2번 출입구 방향 (B3) 대구역 방향 승강장6-1 출입문 앞,13,1000
대구교통공사,1호선,해안,4,(1F) 4번 출입구 앞 (B1F) 4번 출입구 방향,13,1000
대구교통공사,1호선,해안,3,(1F) 3번 출입구 앞 (B1F) 3번 출입구 방향,13,1000
대구교통공사,1호선,해안,,(B1F) 4번 출입구 옆 (B2F) 발매기 옆 (B3F) 동촌역 방향 승강장 3-3 출입문 앞,13,1000
대구교통공사,1호선,해안,,(B1F) 3번 출입구 옆 (B2F) 화장실 옆 (B3F) 방촌역 방향 승강장 6-4 출입문 앞,13,1000
대구교통공사,1호선,현충로,4,(1F) 1번/4번 출입구 사이 (B1F)1번/4번 출입구 방향,13,1000
대구교통공사,1호선,현충로,,(B1F)안지랑역방향 표내는 곳 내 계단 옆 (B2F)안지랑역방향 4-3 출입문 앞,13,1000
대구교통공사,1호선,현충로,,(B1F)영대병원역방향 표내는 곳 내 계단 옆 (B2F)영대병원방향 5-2 출입문 앞,13,1000
대구교통공사,1호선,현충로,3,(1F) 2번/3번 출입구 사이 (B1F)2번/3번 출입구 방향,13,1000
대구교통공사,1호선,화원,1,(1F) 1번/4번 출입구 사이 (B1F) 대합실,21,1600
대구교통공사,1호선,화원,3,(1F) 2번/3 출입구 사이 (B1F) 대합실,21,1600
대구교통공사,1호선,화원,,(B1F) 개찰구 내 설화명곡역 방향 대합실 (B2F) 설화명곡역 방향  7번/8번 에스컬레이터 사이 (B3F) 설화명곡역 방향 4-4 출입문 앞,21,1600
대구교통공사,1호선,화원,,(B1F) 개찰구 내 대곡역 방향 대합실 (B2F) 대곡역 방향  9번/10번 에스컬레이터 사이 (B3F) 대곡역 방향 5-1 출입문 앞,21,1600
대구교통공사,2호선,감삼,4,(1F) 4번 출입구 뒤 (B1F) 대합실/ 4번 출입구 방향,13,1000
대구교통공사,2호선,감삼,2,(1F) 2번 출입구 뒤 (B1F) 대합실/ 2번 출입구 방향,13,1000
대구교통공사,2호선,감삼,,(B1F) 고객쉼터 옆 (B2F) 발매기 옆 (B3F) 영남대 방향 2-4 출입문 앞,13,1000
대구교통공사,2호선,강창,6,(1F) 1번/6번 출입구 사이 (B1F),13,1000
대구교통공사,2호선,강창,3,(1F) 3번/4번 출입구 사이 (B1F),13,1000
대구교통공사,2호선,강창,,(B1F) 상선 겸용발매기 앞 (B2F) 상선게이트 앞 (B3F) 상선 5-2 앞,13,1000
대구교통공사,2호선,강창,,(B1F) 하선 겸용발매기 앞 (B2F) 상선게이트 앞 (B3F) 하선 4-3 앞,13,1000
대구교통공사,2호선,경대병원,4,(1F) 삼덕네거리 북쪽 횡단보도 옆 (B1) 대합실 사랑의 열매 TV 옆,13,1000
대구교통공사,2호선,경대병원,2,(1F) 2114번 환기탑 앞 (B1) 대합실 순찰기록부 앞,13,1000
대구교통공사,2호선,경대병원,,(B1) 통신기계실 앞 (B3) 대구은행역 방향 승강장 3-3 출입문 앞,13,1000
대구교통공사,2호선,계명대,1,(1F) 1번/7번 출입구 사이 (B1F) 1번/7번 출입구 방향,13,1000
대구교통공사,2호선,계명대,5,(1F) 5번/6번 출입구 사이 (B1F) 5번6번 출입구 방향,13,1000
대구교통공사,2호선,계명대,,(B1F) 1번/7번 출입구 방향 (B2F) 고객안내센터 옆 (B3F) 강창역 방향 승강장 2-4 출입문 앞,13,1000
대구교통공사,2호선,계명대,,(B1F) 4번 출입구 방향 (B2F) 자전거 보관대 옆 (B3F) 성서산업단지역 방향 승장장 2-4 출입문 앞,13,1000
대구교통공사,2호선,고산,1,(1F) 1번/4번 출입구 사이 (B1F) ES #1/2호기 앞,13,1000
대구교통공사,2호선,고산,,(B1F) 메트로환경 창고 근처/ 전동휠체어 충전기 옆 (B3F) 문양방면 승강장 출입문 4-2 앞,13,1000
대구교통공사,2호선,고산,,(B1F) 직원침실 출입문 근처 (B3F) 영남대방면 승강장 출입문 5-3 앞,13,1000
대구교통공사,2호선,내당,1,(1F) 1번 출입구 뒤 (B1F) 1번 출입구 방향 계단 옆,13,1000
대구교통공사,2호선,내당,3,(1F) 3번 출입구 앞/ 성안오피스텔 앞 (B1F) 겸용발매기 근처,13,1000
대구교통공사,2호선,내당,,(B1F) B2->B1 계단 앞 (B3F) 반고개역 방향 승강장 2-1 출입문 앞,13,1000
대구교통공사,2호선,다사,1,(1F) 1번 출입구 뒤 (B1F) 1번 출입구 방향,13,1000
대구교통공사,2호선,다사,2,(1F) 2번 출입구 뒤 (B1F) 2번 출입구 방향,13,1000
대구교통공사,2호선,다사,,(B1F) 표내는 곳 옆 (B2F) 문양역 방향 승강장 5-1 출입문 앞,13,1000
대구교통공사,2호선,다사,,(B1F) 표내는 곳 옆 (B2F) 영남대역 방향 승강장 4-4 출입문 앞,13,1000
대구교통공사,2호선,담티(산대·대륜),3,(1F) 2번/3번 출입구 사이 (B1F) 2번/3번 출입구 방향,13,1000
대구교통공사,2호선,담티(산대·대륜),,(B1F) 대합실 표 내는 곳 앞 (B3F) 대합실 중간 (B4F) 만촌역 방향 5-1 출입문 앞,13,1000
대구교통공사,2호선,대공원,1,(1F) 1번 출입구 뒤 (B1F) 1번출입구방향 계단옆,13,1000
대구교통공사,2호선,대공원,2,(1F) 2번/3번 출입구 사이 (B1F)  2번엘리베이터기계실 옆,13,1000
대구교통공사,2호선,대공원,,(B1F) 창고(유수검지장치실) 옆 (B2F) 메트로아트센터 앞 (B3F) 발매기실/엘리베이터5호기 사이,13,1000
대구교통공사,2호선,대공원,,(B3F) 메트로환경대기실 옆 (B5F) 연호역방향 5-4출입문 앞,13,1000
대구교통공사,2호선,대공원,,(B3F) 6번에스컬레이터 옆 (B5F) 고산역방향 4-1출입문 앞,13,1000
대구교통공사,2호선,대공원,5,(1F) 4번/5번 출입구 사이 (B1F) 5번출입구방향 계단 옆,18,1350
대구교통공사,2호선,대구은행,4,(1F) 4번 출입구 뒤 (B1F) 4번 출입구 방향,13,1000
대구교통공사,2호선,대구은행,,(B1F) 표 내는 곳 내 수족관 앞 (B3F) 경대병원역 방향 5-1 출입문 앞,13,1000
대구교통공사,2호선,대실,4,(1F) 4번 출입구 뒤 (B1F) 1번/4번 출입구 사이 (B2F) 종점환기실 앞,13,1000
대구교통공사,2호선,대실,3,(1F) 3번 출입구 뒤 (B1F) 2번/3번 출입구 사이,13,1000
대구교통공사,2호선,대실,,(B2F) E/S #4호기/5호기 사이 (B3F) 다사역 방향 4-4 출입문 앞,13,1000
대구교통공사,2호선,대실,,(B2F) E/S #6호기/7호기 사이 (B3F) 강창역 방향 5-1 출입문 앞,13,1000
대구교통공사,2호선,두류,,(B1F)1/2번 출입구 방향 (B2F)대합실 고객안내센터 옆 (B3F)감삼역 방향 승강장 5-4 출입문 앞,13,1000
대구교통공사,2호선,만촌,3,(1F) 2번/3번 출입구 사이 (B1F) 2번 출입구 방향 에스컬레이터 앞,13,1000
대구교통공사,2호선,만촌,,(B1F) 임대매장 앞 (B2F) 대합실 자전거보관대 앞 (B3F) 담티역 방향 승강장 2-3 출입문 앞,13,1000
대구교통공사,2호선,문양,,(3F) 3층 개찰구 정면 (4F) 다사역방향 승강장 4-4 앞,13,1000
대구교통공사,2호선,문양,1,(1F) 1번/2번 출입구 계단 사이 (2F) 2층 주차장 중앙출입문 앞 (3F) 3층 대합실 1/2번 출입구방향 계단 사이,13,1000
대구교통공사,2호선,반고개,3,(1F) 3번 출입구 앞 (B1F) 기능실 복도옆 장애인게이트 뒤편,13,1000
대구교통공사,2호선,반고개,,(B1F) 여직원 침실과 기능실 복도 입구 사이 (B3F) 영남대 방면 승강장 5-2 출입문 앞,13,1000
대구교통공사,2호선,반월당,,(B2F) 메트로 센터 서편/ 14번/21번/22번 출입구 방향 (B3F) 1호선 설화명곡방향 환승통로/ 표내는 곳 방향 (B4F) 문양방향 승강장 1-1 출입문 앞,13,1000
대구교통공사,2호선,반월당,,(B2F) 메트로 센터 동편/ 4번/5번/12번/13번 출입구 방향 (B3F) 1호선 안심방향 환승통로/ 화장실 근처/ 표내는 곳 방향 (B4F) 영남대방향 승강장 1-1 출입문 앞,13,1000
대구교통공사,2호선,범어,2,(1F) 2번/3번 출입구 사이 (B1F) 3번 출입구 방향,13,1000
대구교통공사,2호선,범어,,(B1F) 물품보관함 근처 (B3F) 고객안내센터 근처 (B4F) 대구은행역 방향 1-4 출입문 앞,13,1000
대구교통공사,2호선,사월,3,(1F) 2번/3번 출입구 사이 (B1F)2번/3번 출입구 방향사이,13,1000
대구교통공사,2호선,사월,,(B1F)임대매장 PRINT CAFE 뒤 (B3F)고객힐링쉼터 옆 (B4F)문양행 방면 2-2 옆/영남대행 방면 6-4 뒤,13,1000
대구교통공사,2호선,성서산업단지,2,(1F) 2번/3번 출입구 사이 (B1F) 대합실 2번/3번 출입구 계단 사이,13,1000
대구교통공사,2호선,성서산업단지,,(B1F) 대합실 ES7/8호기 옆 (B2F) 환기실 출입문 옆 (B3F) 영남대 방면 승강장 1-1 부근,13,1000
대구교통공사,2호선,수성구청(KBS),4,(1F) 4번 출입구 뒤 (B1F) 공중전화기 옆 복도 끝,13,1000
대구교통공사,2호선,수성구청(KBS),,"(B1F) 표내는 곳 내부 왼쪽 끝 (B2F) ""타는 곳"" 양쪽 안내표지판 사이  (B3F) 만촌역 방향 승강장 열차출입문 5-2와  범어역 방향 승강장 열차출입문 4-3 사이",13,1000
대구교통공사,2호선,신매,6,(1F) 6번 출입구 옆 (B1F) 6번 출입구 방향,13,1000
대구교통공사,2호선,신매,,(B1F) 5번 출입구 방향 (B2F) 시점환기실 옆 (B3F) 사월역 방향승강장 6-3 출입문 앞,13,1000
대구교통공사,2호선,신매,,(B2F) 문양방면 내부계단 옆 (B3F) 고산역 방향승강장 5-2 출입문 앞,13,1000
대구교통공사,2호선,연호,3,(1F) 2번/3번 출입구 사이 (B1F) 2번 출입구 앞,13,1000
대구교통공사,2호선,연호,,(B1F) 역무실 뒷편 (B3F) 상선 2-3 출입문 옆,13,1000
대구교통공사,2호선,영남대,1,(1F) 1번 출입구 옆 (B1F)5번 출입구 방향 편의점 옆,13,1000
대구교통공사,2호선,영남대,4,(1F) 4번 출입구 옆 (MF)4번 출입구 방향 (B1F)4번 출입구 방향,13,1000
대구교통공사,2호선,영남대,,(B1)표내는곳 계단 옆/1번/5번 출입구 방향 (B3)임당역 방향 승강장 4-3 출입문 앞,13,1000
대구교통공사,2호선,영남대,,(B1)표내는곳 계단 옆 (B3)영남대역 방향 승강장 5-2 출입문 앞,13,1000
대구교통공사,2호선,용산(서부법원·검찰청입구),1,(1F) 1번/5번 출입구 사이 (B1F) 1번 출입구 방향 (B2F) 표내는곳 1번 출입구 방향 ,13,1000
대구교통공사,2호선,용산(서부법원·검찰청입구),2,(1F) 2번/4번 출입구 사이 (B1F) 2번 출입구 방향 (B2F) 표내는곳 2번 출입구 방향,13,1000
대구교통공사,2호선,용산(서부법원·검찰청입구),,(B2F) 표내는곳 옆 (B3F) 이곡역 방향 승강장 2-4 출입문 앞,13,1000
대구교통공사,2호선,이곡,4,(1F) 4번 출입구 옆 (B1) 게이트 옆 ,13,1000
대구교통공사,2호선,이곡,,(B1) 게이트 안쪽 (B4) 용산역 방향 1-1 옆,13,1000
대구교통공사,2호선,임당,6,(1F) 6번/7번 출입구 사이 (B1F)6번/7번 출입구 사이,13,1000
대구교통공사,2호선,임당,2,(1F) 2번/3번 출입구 사이 (B1F)2번/3번 출입구 사이,13,1000
대구교통공사,2호선,임당,,(B1F) 정평역 방향 (B3F) 정평역 방향 4-3칸 출입문 앞,13,1000
대구교통공사,2호선,임당,,(B1F)영남대역 방향 (B3F)영남대역 방향 5-2칸 출입문 앞,13,1000
대구교통공사,2호선,정평,1,(1F) 1번/4번 출입구 사이 (B1F) 임대매장 옆,15,1150
대구교통공사,2호선,정평,2,(1F) 2번/3번 출입구 사이 (B1F) 주변지역안내도 앞,15,1150
대구교통공사,2호선,정평,,(B1F) 문양방면 내부계단 옆 (B2F) 문양방면 승강장 5-1 출입문 앞,15,1150
대구교통공사,2호선,정평,,(B1F) 영남대방면 내부계단 옆 (B2F) 영남대방면 승강장 4-4 출입문 앞,15,1150
대구교통공사,2호선,죽전,5,(1F) 5번/6번 출입구 사이  (B1F) 5번/6번 출입구 사이,13,1000
대구교통공사,2호선,죽전,,(B1F)5번/4번 출입구 사이 (B3F)화장실 근처 (B4F)용산역 방향 승강장 1-3 출입문 앞/감삼역 방향 뒤쪽 끝,13,1000
대구교통공사,2호선,죽전,1,(1F) 1번 출입구 뒤 용산역 방향 (B1F)1번 출구 용산역 방향 ,15,1150
대구교통공사,2호선,죽전,2,(1F) 2번 출입구 뒤 용산역 방향 (B1F) 2번 출구 용산역 방향,15,1150
대구교통공사,2호선,청라언덕,1,(1F) 1번 출입구 뒤 (B1F) 1번 출입구 옆,13,1000
대구교통공사,2호선,청라언덕,8,(1F) 8번 출입구 뒤 (B1F) 7/8번 출입구 사이,13,1000
대구교통공사,2호선,청라언덕,,(B1F) 표 내는 곳 앞 (B3F) 환승통로 방향 (B4F) 반월당역 방향 승강장 6-1 출입문 앞,13,1000
대구교통공사,3호선,건들바위,1,(1F) 1번/4번 출입구 사이/ 1번 출입구 옆 (2F) 개찰구 집표 후 1번 출입구 방향,13,1000
대구교통공사,3호선,건들바위,3,(1F) 2번/3번 출입구 사이/ 3번 출입구 옆 (2F) 개찰구 집표 후 3번 출입구 방향,13,1000
대구교통공사,3호선,건들바위,,(2F)  개찰구 개표 후 명덕 방향 계단 옆 5m (3F) 명덕 방향 승강장 1-1 출입문 앞,13,1000
대구교통공사,3호선,건들바위,,(2F) 개찰구 개표 후 대봉교 방향 계단 옆 5m (3F) 대봉교 방향 승강장 3-2 출입문 앞,13,1000
대구교통공사,3호선,공단,1,(1F) 1번 출입구 앞 (2F) 대합실 중앙,18,1350
대구교통공사,3호선,공단,,(2F) 1번 출입구 한국건강관리협회 방향 (3F) 매천시장역 방향 승강장 1-1 출입문 앞,13,1000
대구교통공사,3호선,공단,,(2F) 1번 출입구 할리스커피 방향 (3F) 만평역 방향 승강장 3-2 출입문 앞,13,1000
대구교통공사,3호선,구암,1,(1F) 1번 출입구 옆 (2F) 비상출입구 옆,13,1000
대구교통공사,3호선,구암,,(2F)비상출입구 옆 (3F)칠곡경대병원역 방면 승강장 3-2 앞,13,1000
대구교통공사,3호선,구암,,(2F) 출입구 근처 (3F) 용지역 방면 승강장 1-1앞,13,1000
대구교통공사,3호선,남산,,(1F) 1번 출입구 개표 후 좌측10m (3F) 승강장 명덕역 방향 끝지점,13,1000
대구교통공사,3호선,남산,,(1F) 2번 출입구 개표 후 좌측10m (3F) 승강장 청라언덕역 방향 끝지점,13,1000
대구교통공사,3호선,달성공원,4,(1F) 칠곡경대병원방면 1번/4번 출입구 사이 (2F) 4번 출입구 대합실 표내는 곳 옆 (3F) 북구청역 방향 승강장 PSD 3-1,13,1000
대구교통공사,3호선,달성공원,2,(1F) 2번/3번 출입구 사이 (2F) 2번 출입구 대합실 표내는 곳 옆 (3F) 서문시장역 방향 승강장 PSD 1-2,13,1000
대구교통공사,3호선,대봉교,4,(1F) 1번/4번 출입구 사이 (2F) 4번 출입구 방향,13,1000
대구교통공사,3호선,대봉교,3,(1F) 2번/3번 출입구 사이 (2F) 3번 출입구 방향,13,1000
대구교통공사,3호선,대봉교,,(2F) 표 내는곳 내 계단 옆 (3F) 건들바위역 방향 승강장 1-1 출입문 앞,13,1000
대구교통공사,3호선,대봉교,,(2F) 표 내는곳 내 계단 옆 (3F) 수성시장역 방향 승강장 3-2 출입문 앞,13,1000
대구교통공사,3호선,동천,1,(1F) 동천교 방향 (2F) 비상출입문 앞,13,1000
대구교통공사,3호선,동천,,(2F) 비상출입문 옆 (3F) 칠곡경대병원역 방향 승강장1-1 출입문 근처,13,1000
대구교통공사,3호선,동천,,(2F) 비상출입문 옆 (3F) 용지역방향 승강장3-2 출입문 근처,13,1000
대구교통공사,3호선,만평,1,(1F) 1번 출입구 뒤 (2F) 1번 출입구 서대구고속버스터미널 방향,13,1000
대구교통공사,3호선,만평,2,(1F) 2번 출입구 뒤 (2F) 2번 출입구 쌍용자동차 방향,13,1000
대구교통공사,3호선,만평,,(2F) 1번 출입구 서대구고속버스터미널 방향 (3F) 공단역 방향 승강장 3-2 출입문 앞,13,1000
대구교통공사,3호선,만평,,(2F) 2번 출입구 쌍용자동차 방향 (3F) 팔달시장 방향 승강장 1-1 출입문 앞,13,1000
대구교통공사,3호선,매천,1,(1F) 1번 출입구 옆 (2F) 1번 출입구 매천고등학교 방향,13,1000
대구교통공사,3호선,매천,,(2F) 1번 출입구 매천초등학교 방향 (3F) 태전역 방향 승강장 1-1 출입문 앞,13,1000
대구교통공사,3호선,매천,,(2F) 1번 출입구 매천고등학교 방향 (3F) 매천시장역 방향 승강장 3-2 출입문 앞,13,1000
대구교통공사,3호선,매천시장,1,(1F) 1번 출입구 옆 (2F) 1번 출입구 대구농수산물도매시장 방향,13,1000
대구교통공사,3호선,매천시장,,(2F) 1번 출입구 대구농수산물도매시장 방향 (3F) 매천역 방향 승강장 3-2 출입문 앞,13,1000
대구교통공사,3호선,매천시장,,(2F) 1번 출입구 타이어프로 방향 (3F) 팔달역 방향 승강장 1-1 출입문 앞,13,1000
대구교통공사,3호선,명덕(2.28민주운동기념회관),2,(1F) 2번 출입구에서 전방으로 20m (2F) 개방통로 2번 출입구 상부/ 개찰구에서 2번 출입구 방향 20m,13,1000
대구교통공사,3호선,명덕(2.28민주운동기념회관),3,(1F) 3번 계단 출입구 근처 (2F) 3번(계단)/ 4번(E/S)중간지점,13,1000
대구교통공사,3호선,명덕(2.28민주운동기념회관),,(2F) 대합실 칠곡경대방면 종점부/ 개찰구에서 13m (3F) 승강장 칠곡방면 종점부,13,1000
대구교통공사,3호선,명덕(2.28민주운동기념회관),,(2F) 대합실 용지방면 시점부/개찰구에서 13m (3F) 승강장 용지방면 시점부,13,1000
대구교통공사,3호선,명덕(2.28민주운동기념회관),,(B1F) 대합실 환승통로측 E/S 7/8호기 옆/ 개찰구에서 18m (2F) 환승통로 시작점/ E/S 8호기에서 18m,13,1000
대구교통공사,3호선,명덕(2.28민주운동기념회관),,(B1F) E/S 7/8호기 전방 7m (B2F) 1호선 설화명곡방면 승강장 시점부에서 18m,13,1000
대구교통공사,3호선,명덕(2.28민주운동기념회관),,(B1F) 환승통로 끝지점/ E/S 10호기 옆 3m (B2F) 1호선 안심방면 승강장 종점부에서 18m,13,1000
대구교통공사,3호선,범물,1,(1F) 1번 출입구 옆 (2F)대합실가는 통로,13,1000
대구교통공사,3호선,범물,3,(1F) 2번/3번 출입구 사이 (2F)대합실가는 통로,13,1000
대구교통공사,3호선,범물,,(2F)대합실 (3F)지산역 방향 1-1 출입문,13,1000
대구교통공사,3호선,범물,,(2F)대합실 (3F)용지역 방향 3-2 출입문,13,1000
대구교통공사,3호선,북구청,1,(1F) 칠곡경대병원방면 1번/4번 출입구 사이 (2F) 1번 출입구 대합실 표 내는 곳 옆 (3F) 원대역 방향 승강장 3-1,13,1000
대구교통공사,3호선,북구청,3,(1F) 용지방면 2번/3번 출입구 사이 (2F) 3번 출입구 대합실 표 내는 곳 옆 (3F) 달성공원역 방향 승강장 1-2,13,1000
대구교통공사,3호선,서문시장(동산병원),4,(1F) 칠곡경대병원방면 1번/4번 출입구 사이 (2F) 4번 출입구 대합실 표내는 곳 옆 (3F) 달성공원역 방향 승강장 PSD 3-1,13,1000
대구교통공사,3호선,서문시장(동산병원),3,(1F) 용지방면 2번/3번 출입구 사이 (2F) 3번 출입구 대합실 표내는 곳 옆 (3F) 청라언덕역 방향 승강장 PSD 1-2,13,1000
대구교통공사,3호선,수성구민운동장,1,(1F) 1번 출입구 옆 (2F) ES 1/2 호기 뒷편,13,1000
대구교통공사,3호선,수성구민운동장,,(2F) 표 내는곳 내 계단 옆 (3F) 수성시장역 방향 승강장 1-1 출입문 앞,13,1000
대구교통공사,3호선,수성구민운동장,,(2F) 표 내는곳 내 계단 옆 (3F) 어린이회관역 방향 승강장 3-2 출입문 앞,13,1000
대구교통공사,3호선,수성못(TBC),1,(1F) 1번 출입구 옆 (2F)대합실가는 통로,13,1000
대구교통공사,3호선,수성못(TBC),,(2F)대합실 (3F)황금역 방향 1-1 출입문,13,1000
대구교통공사,3호선,수성못(TBC),,(2F)대합실 (3F)지산역 방향 3-2 출입문,13,1000
대구교통공사,3호선,수성시장,4,(1F) 1번/4번 출입구 사이 (2F) 1번 출입구 방향,13,1000
대구교통공사,3호선,수성시장,3,(1F) 2번/3번 출입구 사이 (2F) 3번 출입구 방향,13,1000
대구교통공사,3호선,수성시장,,(2F) 표 내는곳 내 계단 옆 (3F) 대봉교역 방향 승강장 3-2 출입문 앞,13,1000
대구교통공사,3호선,수성시장,,(2F) 표 내는곳 내 계단 옆 (3F) 수성구민운동장역 방향 승강장 1-1 출입문 앞,13,1000
대구교통공사,3호선,어린이회관,1,(1F) 1번 출입구 옆 (2F)대합실가는 통로,13,1000
대구교통공사,3호선,어린이회관,,(2F)대합실 (3F)수성구민운동장역 1-1 방향 ,13,1000
대구교통공사,3호선,어린이회관,,(2F)대합실 (3F)황금역 방향 3-2 출입문,13,1000
대구교통공사,3호선,용지,4,(1F) 4번 출입구 앞 (2F)대합실 가는 통로,13,1000
대구교통공사,3호선,용지,3,(1F) 3번 출입구 앞 (2F)대합실 가는 통로,13,1000
대구교통공사,3호선,용지,,(2F)대합실 (3F)범물역 방향 3-2 출입문,13,1000
대구교통공사,3호선,용지,,(2F)대합실 (3F)마지막 승강장 1-1 출입문,13,1000
대구교통공사,3호선,원대,1,(1F) 1번 출입구 옆 (2F) 1번 출입구 대합실 표 내는 곳 옆,18,1350
대구교통공사,3호선,원대,,(2F) 1번 출입구 대합실 표 내는 곳 앞(칠곡경대병원방면) (3F) 팔달시장역 방향 승강장 3-2,13,1000
대구교통공사,3호선,원대,,(2F) 1번 출입구 대합실 표 내는 곳 앞(용지방면) (3F) 북구청역 방향 승강장 1-1,13,1000
대구교통공사,3호선,지산,1,(1F) 1번 출입구 뒤 (2F)대합실,13,1000
대구교통공사,3호선,지산,,(2F)대합실 (3F)수성못역 방향 1-1 출입문,13,1000
대구교통공사,3호선,지산,,(2F)대합실 (3F)범물역 방향 3-2 출입문,13,1000
대구교통공사,3호선,청라언덕,5,(1F) 칠곡경대병원방면 5번 출입구 앞 (2F) 5번 출입구 대합실 표내는 곳 옆,13,1000
대구교통공사,3호선,청라언덕,4,(1F) 용지방면 3번/4번 출입구 사이 (2F) 4번 출입구 대합실 표내는 곳 옆,13,1000
대구교통공사,3호선,청라언덕,,(2F) 5번 출입구 대합실 표내는 곳 옆 (3F) 서문시장역 방향 승강장 PSD 3-2,13,1000
대구교통공사,3호선,청라언덕,,(2F) 4번 출입구 대합실 표내는 곳 옆 (3F) 남산역 방향 승강장 PSD 1-1,13,1000
대구교통공사,3호선,청라언덕,,(B3F) 지하3층 2호선 청라언덕 환승통로 (2F) 지상2층 환승통로,15,1100
대구교통공사,3호선,청라언덕,,(2F) 지상2층 환승통로 (3F) 서문시장역 방향 승강장 PSD 1-1,13,1000
대구교통공사,3호선,청라언덕,,(2F) 지상2층 환승통로 (3F) 남산역 방향 승강장 PSD 3-2,13,1000
대구교통공사,3호선,칠곡경대병원,4,(1F) 1번/4번 출입구 사이 (2F) 1번/4번 출입구 사이,13,1000
대구교통공사,3호선,칠곡경대병원,3,(1F) 2번/3번 출입구 사이 (2F) 2번/3번 출입구 사이,13,1000
대구교통공사,3호선,칠곡경대병원,,(2F) 운행관리원 대기실 앞 (3F) 칠곡기지방향 승강장 3-1 출입문 앞,13,1000
대구교통공사,3호선,칠곡경대병원,,(2F)역무관리실 앞 (3F)학정역 방향 승강장 1-2 출입문 앞,13,1000
대구교통공사,3호선,칠곡운암,1,(1F) 1번 출입구 옆 (2F) 표내는 곳 통과 후 좌측,13,1000
대구교통공사,3호선,칠곡운암,,(2F)표내는 곳 통과 후 좌측 (3F)칠곡경대병원역 방향 승강장 1-1 앞,13,1000
대구교통공사,3호선,칠곡운암,,(2F)표내는 곳 통과 후 우측 (3F)용지역 방향 승강장 3-2 앞,13,1000
대구교통공사,3호선,태전,1,(1F) 1번 출입구 옆 (2F) 1번 출입구 대구보건대학교 방향,13,1000
대구교통공사,3호선,태전,,(2F) 1번 출입구 다이소 방향 (3F) 구암역 방향 승강장 3-2 출입문 앞,13,1000
대구교통공사,3호선,태전,,(2F) 1번 출입구 대구보건대학교 방향 (3F) 매천역 방향 승강장 1-1 출입문 앞,13,1000
대구교통공사,3호선,팔거(국립농관원·통계청),1,(1F) 1번/4번 출입구 사이 (2F)1발매기 옆 통로,13,1000
대구교통공사,3호선,팔거(국립농관원·통계청),2,(1F) 2번/3번 출입구 사이 (2F)2발매기 옆 통로,13,1000
대구교통공사,3호선,팔거(국립농관원·통계청),,(2F)칠곡경대병원역 방향 계단 옆 (3F)칠곡경대병원역 방향 승강장 계단 옆,13,1000
대구교통공사,3호선,팔거(국립농관원·통계청),,(2F)용지역 방향 계단 옆 (3F)용지역 방향 고객대기실옆,13,1000
대구교통공사,3호선,팔달,1,(1F) 1번 출입구 옆 (2F) 1번 출입구 팔달초등학교 방향,13,1000
대구교통공사,3호선,팔달,,(2F) 1번 출입구 GS셀프오일월드주유소 방향 (3F) 매천시장역 방향 승강장 3-2 출입문 앞,13,1000
대구교통공사,3호선,팔달,,(2F) 1번 출입구 팔달초등학교 방향 (3F) 공단역 방향 승강장 1-1 출입문 앞,13,1000
대구교통공사,3호선,팔달시장,1,(1F) 1번 출입구 옆 (2F) 1번 출입구 대합실 표 내는 곳 옆,18,1350
대구교통공사,3호선,팔달시장,,(2F) 1번 출입구 대합실 표 내는 곳 앞(칠곡경대병원방면) (3F) 만평역 방향 승강장 3-2,13,1000
대구교통공사,3호선,팔달시장,,(2F) 1번 출입구 대합실 표 내는 곳 앞(용지방면) (3F) 원대역 방향 승강장 1-1,13,1000
대구교통공사,3호선,학정,1,(1F) 1번/4번 출입구 사이 (2F)1발매기 옆 통로,13,1000
대구교통공사,3호선,학정,2,(1F) 2번/3번 출입구 사이 (2F)2발매 옆 통로,13,1000
대구교통공사,3호선,학정,,(2F)표내는 곳 근처 (3F)칠곡경대병원역 승강장 1-2 앞,13,1000
대구교통공사,3호선,학정,,(2F)표내는 곳 근처 (3F)용지역 방향 승강장 3-1 앞,13,1000
대구교통공사,3호선,황금,1,(1F) 1번 출입구 옆 (2F)대합실가는 통로,13,1000
대구교통공사,3호선,황금,,(2F)대합실 (3F)어린이회관역 방향 3-1 출입문,13,1000
대구교통공사,3호선,황금,,(2F)대합실 (3F)황금역 방향 1-1 출입문,13,1000
