철도운영기관명,선명,역명,출구번호,출구별 주요시설명,주소
대구교통공사,1호선,대곡(정부대구청사),2,대구교도소,대구 달성군 화원읍 비슬로 2625
대구교통공사,1호선,대곡(정부대구청사),3,정부대구지방합동청사,대구 달서구 화암로 301 정부대구지방합동청사
대구교통공사,1호선,대곡(정부대구청사),4,월배차량기지사업소,대구 달서구 월배로 5길 39(유천동)
대구교통공사,1호선,대곡(정부대구청사),1,화원읍사무소,대구 달성군 화원읍 비슬로 2594
대구교통공사,1호선,진천,4,진천동 주민센터,대구 달서구 진천로9길 33
대구교통공사,1호선,진천,1,월배차량기지사업소,대구 달서구 월배로 5길 39(유천동)
대구교통공사,1호선,진천,2,진천우체국,대구 달서구 월배로 32
대구교통공사,1호선,진천,3,보강병원,대구 달서구 월배로 102
대구교통공사,1호선,월배,4,월배우체국,대구 달서구 상원로 97
대구교통공사,1호선,월배,3,상인2동 주민센터,대구 달서구 상원로 27
대구교통공사,1호선,월배,1,진천동 주민센터,대구 달서구 진천로9길 33
대구교통공사,1호선,월배,2,월배시장,대구 달서구 월배로24길 13
대구교통공사,1호선,상인,5,롯데백화점 상인점,대구 달서구 월배로 232
대구교통공사,1호선,상인,6,대구도시철도공사,대구 달서구 월배로 250
대구교통공사,1호선,상인,1,월서초등학교,대구 달서구 월배로39길 46
대구교통공사,1호선,상인,8,달서구청,대구 달서구 학산로 45
대구교통공사,1호선,상인,7,상원고등학교,대구 달서구 월배로 241
대구교통공사,1호선,상인,2,홈플러스 상인점,대구 달서구 월배로 183
대구교통공사,1호선,상인,3,성모병원,대구 달서구 월배로 204
대구교통공사,1호선,상인,4,상인초등학교,대구 달서구 월곡로 211
대구교통공사,1호선,월촌,4,상인동우체국,대구 달서구 송현로 47
대구교통공사,1호선,월촌,3,대구달서송현119안전센터,대구 달서구 월배로 262
대구교통공사,1호선,월촌,2,경북기계공업고등학교,대구 달서구 월배로 275
대구교통공사,1호선,월촌,1,본동종합사회복지관,대구 달서구 송현로 113
대구교통공사,1호선,월촌,5,대구청소년수련원,대구 달서구 앞산순환로 180
대구교통공사,1호선,월촌,6,청구제네스아파트,대구 달서구 송현동
대구교통공사,1호선,월촌,7,송현시장,대구 달서구 송현동
대구교통공사,1호선,월촌,8,송현초등학교,대구 달서구 송현로 128
대구교통공사,1호선,송현,3,해맞이아파트,대구 달서구 송현동
대구교통공사,1호선,송현,4,가야기독병원,대구 달서구 월배로 83길 14
대구교통공사,1호선,송현,2,송현1동주민센터,대구 달서구 중흥로 8길 41
대구교통공사,1호선,송현,1,송현여자중·고등학교,대구 달서구 송현로 156
대구교통공사,1호선,서부정류장(관문시장),2,달성축협,대구 달서구 월배로 97길 6
대구교통공사,1호선,서부정류장(관문시장),3,대명11동주민센터,대구 남구 관문시장4길 53
대구교통공사,1호선,서부정류장(관문시장),1,성당1동주민센터,대구 달서구 야외음악달로13길 60
대구교통공사,1호선,대명,1,달성교육청,대구 남구 대명복개로1길 38
대구교통공사,1호선,대명,3,국민건강보험공단대구남부지사,대구 남구 대명로86
대구교통공사,1호선,대명,2,대명6동주민센터,대구 남구 대명남로73
대구교통공사,1호선,안지랑,4,대명1동주민센터,대구 남구 장전2길 5
대구교통공사,1호선,안지랑,1,제성한방병원,대구 남구 대명로 131
대구교통공사,1호선,안지랑,2,KT남대구지사,대구 남구 대명동
대구교통공사,1호선,안지랑,3,안지랑시장,대구 남구 대명동
대구교통공사,1호선,현충로,4,남부경찰서,대구 남구 대명로 249
대구교통공사,1호선,현충로,1,남부시장,대구 남구 현충로19길 43
대구교통공사,1호선,현충로,2,대명9동주민센터,대구 남구 큰골길53
대구교통공사,1호선,현충로,3,광덕시장,대구 남구 대명동
대구교통공사,1호선,영대병원,1,영남대학교병원,대구 남구 현충로 170
대구교통공사,1호선,영대병원,2,대명5동주민센터,대구 남구 대명로58길 11
대구교통공사,1호선,영대병원,3,대구고등학교,대구 남구 중앙대로171
대구교통공사,1호선,교대,1,대구여자상업고등학교,대구 남구 현충로40길 50
대구교통공사,1호선,교대,2,남구종합사회복지관,대구 남구 중앙대로38길 17
대구교통공사,1호선,교대,3,남구보건소,대구 남구 영선길34
대구교통공사,1호선,교대,4,대명2동주민센터,대구 남구 명덕로32길 30
대구교통공사,1호선,명덕(2.28민주운동기념회관),1,남산동우체국,대구 중구 중앙대로265
대구교통공사,1호선,명덕(2.28민주운동기념회관),2,대구향교,대구 중구 명륜로112
대구교통공사,1호선,명덕(2.28민주운동기념회관),3,경북여자고등학교,대구 중구 중앙대로288
대구교통공사,1호선,명덕(2.28민주운동기념회관),4,남산1동주민센터,대구 중구 2.28길 18-15
대구교통공사,1호선,반월당,1,동부교육청,대구 중구 관덕정길 35
대구교통공사,1호선,반월당,2,대구제일중학교,대구 중구 명륜로23길 16
대구교통공사,1호선,반월당,23,반월메티컬 타워,대구 중구 남산동
대구교통공사,1호선,반월당,3,하나은행대구중앙지점,대구 중구 달구벌대로2108
대구교통공사,1호선,중앙로,1,대구약령시,대구 중구 달구벌대로415길 49
대구교통공사,1호선,중앙로,2,국채보상운동기념공원,대구 중구 국채보상로670
대구교통공사,1호선,중앙로,3,대구광역시청,대구 중구 공평로88
대구교통공사,1호선,중앙로,4,중부경찰서,대구 중구 경상감영길55
대구교통공사,1호선,대구역,1,북부소방서,대구 북구 칠성남로 112
대구교통공사,1호선,대구역,2,번개시장,대구 중구 태평로177-2
대구교통공사,1호선,대구역,3,칠성꽃도매시장,대구 북구 칠성동2가
대구교통공사,1호선,대구역,4,칠성동주민센터,대구 북구 칠성로19길 4
대구교통공사,1호선,칠성시장,1,칠성동주민센터,대구 북구 칠성로19길 4
대구교통공사,1호선,칠성시장,2,칠성종합시장,대구 북구 칠성동1가 276
대구교통공사,1호선,칠성시장,3,동인네거리,대구 중구 동인동1가
대구교통공사,1호선,칠성시장,4,칠성교,대구 북구 대현동
대구교통공사,1호선,신천(경북대입구),3,신천1·2동주민센터,대구 동구 국채보상로159길 41
대구교통공사,1호선,신천(경북대입구),4,동보한방병원,대구 동구 송라로79-1
대구교통공사,1호선,신천(경북대입구),5,신천3동치안센터,대구 동구 신천동
대구교통공사,1호선,신천(경북대입구),6,신천3동주민센터,대구 동구 장등로90
대구교통공사,1호선,신천(경북대입구),7,새마을금고동대구지점,대구 동구 동부로71
대구교통공사,1호선,신천(경북대입구),8,건영캐스빌,대구 동구 신암동
대구교통공사,1호선,신천(경북대입구),1,동신초등학교,대구 동구 송라로123
대구교통공사,1호선,신천(경북대입구),2,송라시장,대구 동구 동부로5길 10
대구교통공사,1호선,동대구역,1,파티마병원,대구 동구 아양로99
대구교통공사,1호선,동대구역,2,대구동부소방서,대구 동구 동대구로507
대구교통공사,1호선,동대구역,3,신천4동주민센터,대구 동구 동부로30길 61-7
대구교통공사,1호선,동대구역,4,신천4동우체국,대구 동구 동부로30길 12-1
대구교통공사,1호선,동구청(큰고개),1,동대구역(철도),대구 동구 동대구로 550
대구교통공사,1호선,동구청(큰고개),2,산림조합중앙회경상북도지회,대구 동구 신암동
대구교통공사,1호선,동구청(큰고개),3,동구청,대구 동구 아양로 207
대구교통공사,1호선,동구청(큰고개),4,신암동우체국,대구 동구 아양로 106
대구교통공사,1호선,아양교,1,동구청,대구 동구 아양로 207
대구교통공사,1호선,아양교,2,효목1동치안센터,대구 동구 효목동
대구교통공사,1호선,아양교,3,망우공원,대구 동구 효목1동 산234-35
대구교통공사,1호선,아양교,4,아양교,대구 동구 검사동
대구교통공사,1호선,동촌,1,동촌동주민센터,대구 동구 동촌로11길 5
대구교통공사,1호선,동촌,2,동부소방서 동촌119안전센터,대구 동구 해동로180
대구교통공사,1호선,동촌,3,동촌유원지,대구 동구 효목동 234-15
대구교통공사,1호선,동촌,4,동촌우체국,대구 동구 해동로207
대구교통공사,1호선,해안,1,홈플러스 동촌점,대구 동구 동촌로127
대구교통공사,1호선,해안,2,동촌초등학교,대구 동구 방촌로 168
대구교통공사,1호선,해안,3,대구광역시농업기술센터,대구 동구 방촌로42길 69
대구교통공사,1호선,해안,4,해안동주민센터,대구 동구 방촌로29길 46
대구교통공사,1호선,방촌,1,해안초등학교,대구 동구 옻골로 50
대구교통공사,1호선,방촌,2,방촌동주민센터,대구 동구 동촌로48길 26
대구교통공사,1호선,방촌,3,용호초등학교,대구 동구 동촌로56길 82
대구교통공사,1호선,방촌,4,방촌치안센터,대구 동구 동촌로293
대구교통공사,1호선,용계,1,신평동새마을금고,대구 동구 동촌로337
대구교통공사,1호선,용계,2,화랑교,대구 동구 방촌동
대구교통공사,1호선,용계,3,용계치안센터,대구 동구 동촌로390
대구교통공사,1호선,용계,4,안심2동주민센터,대구 동구 반야월로1길 28
대구교통공사,1호선,율하,1,안심2동주민센터,대구 동구 반야월로1길 28
대구교통공사,1호선,율하,3,2011대구세계육상대회선수촌아파트,대구 동구 율하서로85
대구교통공사,1호선,율하,4,율하동우체국,대구 동구 안심로16길 49
대구교통공사,1호선,율하,5,안심1동주민센터,대구 동구 율하동로121
대구교통공사,1호선,신기,1,안심시민체육공원,대구 동구 용계동
대구교통공사,1호선,신기,2,안심사회복지관,대구 동구 율하동로76
대구교통공사,1호선,신기,3,신기동,대구 동구 신기동
대구교통공사,1호선,신기,4,목련시장,대구 동구 반야월로30길 61-1
대구교통공사,1호선,반야월,1,동구의료복지센터,대구 동구 안심로49길 98
대구교통공사,1호선,반야월,2,안심교,대구 동구 동호동
대구교통공사,1호선,반야월,3,대구가톨릭대학교 부설유치원,대구 동구 안심로300
대구교통공사,1호선,반야월,4,대구안심우체국,대구 동구 경안로 780
대구교통공사,1호선,각산,1,반야월 자동차 정비사업소,대구 동구 동호동
대구교통공사,1호선,각산,2,동호동우체국,대구 동구 동호로63
대구교통공사,1호선,각산,3,강동초중고등학교,대구 동구 동호로7길 17
대구교통공사,1호선,각산,4,이마트반야월점,대구 동구 안심로389-2
대구교통공사,1호선,안심(혁신도시·첨복단지),1,대구혁신도시,대구 동구 신서동
대구교통공사,1호선,안심(혁신도시·첨복단지),2,신서동,대구 동구 신서동
대구교통공사,1호선,안심(혁신도시·첨복단지),3,송정초등학교,대구 동구 안심로90길 9
대구교통공사,1호선,안심(혁신도시·첨복단지),4,안심차량기지사업소,대구 동구 대림동
대구교통공사,2호선,문양,1,다사읍 부곡리,대구 달성군 다사읍 부곡리
대구교통공사,2호선,문양,1,다사읍 문양리,대구 달성군 다사읍 문양리
대구교통공사,2호선,다사,1,다사초등학교,대구 달성군 다사읍 다사로86
대구교통공사,2호선,다사,2,다사보건지소,대구 달성군 다사읍 매곡로7
대구교통공사,2호선,다사,4,다사고등학교,대구 달성군 다사읍 달구벌대로839
대구교통공사,2호선,다사,3,다사읍사무소,대구 달성군 다사읍 매곡로7
대구교통공사,2호선,대실,1,대구은행다사지점,대구 달성군 다사읍 달구벌대로879
대구교통공사,2호선,대실,2,죽곡초등학교,대구 달성군 다사읍 죽곡1길 18
대구교통공사,2호선,대실,4,한솔병원,대구 달성군 다사읍 달구벌대로895
대구교통공사,2호선,대실,3,강창교,대구 달성군 다사읍 죽곡리
대구교통공사,2호선,강창,3,강창우체국,대구 달서구 호산로124
대구교통공사,2호선,강창,4,파호초등학교,대구 달서구 달서대로109안길 76
대구교통공사,2호선,강창,2,삼성명가타운,대구 달서구 파호동
대구교통공사,2호선,강창,1,호산동,대구 달서구 호산동
대구교통공사,2호선,강창,5,호산초등학교,대구 달서구 달서대로109안길 116
대구교통공사,2호선,강창,6,계명대학교,대구 달서구 달구벌대로1095
대구교통공사,2호선,계명대,6,성서종합시장,대구 달서구 신당동
대구교통공사,2호선,계명대,5,성서종합사회복지관,대구 달서구 신당로56
대구교통공사,2호선,계명대,4,성서병원,대구 달서구 달구벌대로1152
대구교통공사,2호선,계명대,3,모다아울렛,대구 달서구 달서대로411
대구교통공사,2호선,계명대,2,성서3차(첨단)산업단지,대구 달서구 호산동
대구교통공사,2호선,계명대,1,계명대학교 정문,대구 달서구 호산동
대구교통공사,2호선,계명대,7,계명대학교 동문,대구 달서구 신당동
대구교통공사,2호선,성서산업단지,5,성서농협,대구 달서구 달구벌대로1288
대구교통공사,2호선,성서산업단지,6,이곡1동주민센터,대구 달서구 달구벌대로1309
대구교통공사,2호선,성서산업단지,7,성서우체국,대구 달서구 성서로406
대구교통공사,2호선,성서산업단지,1,성서청남타운,대구 달서구 이곡동
대구교통공사,2호선,성서산업단지,2,대구은행 성서지점,대구 달서구 달구벌대로1276
대구교통공사,2호선,성서산업단지,4,성서산업단지,대구 달서구 갈산동
대구교통공사,2호선,성서산업단지,3,성서119안전센터,대구 달서구 성서로357
대구교통공사,2호선,성서산업단지,8,대구지방식품의약품안전청,대구 달서구 성서로405
대구교통공사,2호선,이곡,3,달구서첨단문화회관,대구 달서구 장기동
대구교통공사,2호선,이곡,2,갈산동,대구 달서구 갈산동
대구교통공사,2호선,이곡,1,성서파출소,대구 달서구 이곡동
대구교통공사,2호선,이곡,6,대구지방조달청,대구 달서구 이곡공원로54
대구교통공사,2호선,이곡,4,성지초등학교,대구 달서구 새동네로27
대구교통공사,2호선,이곡,5,성서평화타운,대구 달서구 용산동
대구교통공사,2호선,용산(서부법원·검찰청입구),6,대구학생문화센터,대구 달서구 용산동181
대구교통공사,2호선,용산(서부법원·검찰청입구),3,장기초등학교,대구 달서구 장기동 280
대구교통공사,2호선,용산(서부법원·검찰청입구),2,영남네오빌파크,대구 달서구 장기동
대구교통공사,2호선,용산(서부법원·검찰청입구),5,재향군인회관,대구 달서구 용산동
대구교통공사,2호선,용산(서부법원·검찰청입구),4,대구전자공업고등학교,대구 달서구 용산로 113
대구교통공사,2호선,용산(서부법원·검찰청입구),1,청각/언어장애인복지관,대구 달서구 달구벌대로291길 100
대구교통공사,2호선,죽전,3,감삼우체국,대구 달서구 달구벌대로1578-11
대구교통공사,2호선,죽전,4,성서농협 죽전동지점,대구 달서구 달구벌대로1573
대구교통공사,2호선,죽전,2,알리앙스예식장,대구 달서구 와룡로 190
대구교통공사,2호선,죽전,1,서대구산업단지,대구 서구 중리동
대구교통공사,2호선,감삼,4,서부공업고등학교,대구 서구 당산로228
대구교통공사,2호선,감삼,3,두류3동우체국,대구 달서구 달구벌대로344길 34
대구교통공사,2호선,감삼,1,서남시장,대구 달서구 달구벌대로329길 17
대구교통공사,2호선,감삼,2,감삼동주민센터,대구 달서구 감삼북길119-10
대구교통공사,2호선,두류,2,내당3동주민센터,대구 서구 큰장로15길 11-1
대구교통공사,2호선,두류,12,국민건강보험공단대구지역본부,대구 달서구 두류공원로264
대구교통공사,2호선,두류,11,신흥초등학교,대구 달서구 두류공원로257
대구교통공사,2호선,두류,10,두류지구대,대구 달서구 두류동
대구교통공사,2호선,두류,8,두류3동주민센터,대구 달서구 야외음악당로39길 24
대구교통공사,2호선,두류,1,서부고용안정센터,대구 서구 서대구로9
대구교통공사,2호선,내당,3,웨딩비엔나,대구 달서구 달구벌대로1846
대구교통공사,2호선,내당,2,내당보성아파트,대구 달서구 두류동
대구교통공사,2호선,내당,1,내당1동치안센터,대구 서구 통학로 33
대구교통공사,2호선,내당,4,내서초등학교,대구 서구 달구벌대로371길 35
대구교통공사,2호선,반고개,1,서대구농협,대구 서구 서대구로 92
대구교통공사,2호선,반고개,2,두류1동주민센터,대구 달서구 성당로51길 32
대구교통공사,2호선,반고개,3,대구중부소방서,대구 중구 달구벌대로1926
대구교통공사,2호선,반고개,4,내당2동치안센터,대구 서구 내당동
대구교통공사,2호선,청라언덕,1,대신동주민센터,대구 중구 큰장로26안길 65
대구교통공사,2호선,청라언덕,2,남산4동 우체국,대구 중구 남산로 79
대구교통공사,2호선,청라언덕,3,가톨릭대학교 신학대학,대구 중구 명륜로 12길 47
대구교통공사,2호선,청라언덕,4,남산2동주민센터,대구 중구 명륜로 27-1
대구교통공사,2호선,청라언덕,5,신명고등학교,대구 중구 국채보상로102길 48
대구교통공사,2호선,반월당,12,성내1동주민센터,대구 중구 동성로3길 87
대구교통공사,2호선,반월당,13,중앙치안센터,대구 중구 동인동1가 231-8
대구교통공사,2호선,반월당,14,성내2동주민센터,대구 중구 달구벌대로415길 48
대구교통공사,2호선,반월당,21,남산2동주민센터,대구 중구 명륜로2701
대구교통공사,2호선,반월당,22,남문시장,대구 중구 남산동
대구교통공사,2호선,반월당,4,남문치안센터,대구 중구 명덕로35길 39
대구교통공사,2호선,반월당,5,봉산문화회관,대구 중구 봉산문화길77
대구교통공사,2호선,경대병원,1,경북대학교치과대학,대구 중구 달구벌대로2175
대구교통공사,2호선,경대병원,2,공무원연금공단,대구 중구 대봉로260
대구교통공사,2호선,경대병원,3,대봉1동주민센터,대구 중구 달구벌대로440길 27
대구교통공사,2호선,경대병원,4,중구청,대구 중구 국채보상로139길 1
대구교통공사,2호선,대구은행,1,수성하이츠,대구 수성구 수성동4가
대구교통공사,2호선,대구은행,2,수성1가동주민센터,대구 수성구 명덕로73길 7
대구교통공사,2호선,대구은행,3,대구은행,대구 수성구 달구벌대로 2310
대구교통공사,2호선,대구은행,4,수성4가동주민센터,대구 수성구 수성동4가 1207-6
대구교통공사,2호선,범어,1,범어3동치안센터,대구 수성구 범어3동 546-12
대구교통공사,2호선,범어,2,범어1동주민센터,대구 수성구 범어천로97
대구교통공사,2호선,범어,3,수성구청,대구 수성구 달구벌대로 2450
대구교통공사,2호선,범어,4,법원,대구 수성구 동대구로364
대구교통공사,2호선,수성구청(KBS),1,범어2동주민센터,대구 수성구 달구벌대로 489안길 7
대구교통공사,2호선,수성구청(KBS),2,수성경찰서,대구 수성구 달구벌대로 2460
대구교통공사,2호선,수성구청(KBS),3,남부시장,대구 수성구 범어동
대구교통공사,2호선,수성구청(KBS),4,대구은행만촌동지점,대구 수성구 달구벌대로 2503
대구교통공사,2호선,만촌,1,흥사단,대구 수성구 동원로1길 5
대구교통공사,2호선,만촌,2,범어4동주민센터,대구 수성구 범어로20길 97
대구교통공사,2호선,만촌,3,국립대구박물관,대구 수성구 청호로 321
대구교통공사,2호선,만촌,4,남부시외버스터미널,대구 수성구 달구벌대로 2599
대구교통공사,2호선,담티(산대·대륜),1,남부시외버스터미널,대구 수성구 달구벌대로 2599
대구교통공사,2호선,담티(산대·대륜),2,만촌3동주민센터,대구 수성구 교학로2길 45
대구교통공사,2호선,담티(산대·대륜),3,대륜중고등학교,대구 수성구 달구벌대로 2700
대구교통공사,2호선,담티(산대·대륜),4,대구구치소,대구 수성구 만촌동
대구교통공사,2호선,연호,1,연호동,대구 수성구 연호동
대구교통공사,2호선,연호,2,달성아파트,대구 수성구 이천동
대구교통공사,2호선,연호,3,연호네거리,대구 수성구 연호동
대구교통공사,2호선,연호,4,범안로,대구 수성구 연호동
대구교통공사,2호선,대공원,1,가천동,대구 수성구 가천동
대구교통공사,2호선,대공원,2,범안로,대구 수성구 연호동
대구교통공사,2호선,대공원,3,연호동,대구 수성구 연호동
대구교통공사,2호선,대공원,4,연호지,대구 수성구 삼덕동
대구교통공사,2호선,대공원,5,대구미술관,대구 수성구 미술관로40
대구교통공사,2호선,고산,1,고산초등학교,대구 수성구 달구벌대로 3067
대구교통공사,2호선,고산,2,고산우체국,대구 수성구 달구벌대로 3070
대구교통공사,2호선,고산,3,매호천,대구 수성구 시지동
대구교통공사,2호선,고산,4,고산2동주민센터,대구 수성구 달구벌대로 3091
대구교통공사,2호선,신매,1,매호중학교,대구 수성구 천을로 106
대구교통공사,2호선,신매,2,자연과학고등학교,대구 수성구 달구벌대로 3170
대구교통공사,2호선,신매,3,고산119안전센터,대구 수성구 고산로105
대구교통공사,2호선,신매,4,농협신매지점,대구 수성구 고산로90
대구교통공사,2호선,신매,5,천주성삼병원,대구 수성구 달구벌대로 3190
대구교통공사,2호선,신매,6,매호시장,대구 수성구 매호동
대구교통공사,2호선,신매,7,매호공원,대구 수성구 매호동
대구교통공사,2호선,사월,1,대구은행 사월지점,대구 수성구 사월동
대구교통공사,2호선,사월,2,고산1동주민센터,대구 수성구 달구벌대로 3260-2
대구교통공사,2호선,사월,3,이마트(경산점),경북 경산시 옥산로227
대구교통공사,2호선,사월,4,시지푸르지오아파트,대구 수성구 사월동
대구교통공사,2호선,정평,1,한솔아파트,경북 경산시 정평동
대구교통공사,2호선,정평,2,국민은행정평동지점,경북 경산시 대학로44
대구교통공사,2호선,정평,3,정평초등학교,경북 경산시 대학로16길 15
대구교통공사,2호선,정평,4,메가박스,경북 경산시 강변동로278
대구교통공사,2호선,임당,1,대평동,경북 경산시 대평동
대구교통공사,2호선,임당,2,중방동,경북 경산시 중방동
대구교통공사,2호선,임당,3,경산시청,경북 경산시 남매로159
대구교통공사,2호선,임당,4,경산경찰서,경북 경산시 원효로 68
대구교통공사,2호선,임당,5,북부동주민센터,경북 경산시 중방로 125
대구교통공사,2호선,임당,6,경북지방경찰청기동대,경북 경산시 계양동
대구교통공사,2호선,임당,7,임당초등학교,경북 경산시 임당로12길 7
대구교통공사,2호선,임당,8,임당동,경북 경산시 임당동
대구교통공사,2호선,영남대,5,압량우체국,경북 경산시 압량면 부적길35-4
대구교통공사,2호선,영남대,1,경북지방경찰철기동대,경북 경산시 계양동
대구교통공사,2호선,영남대,2,북부동주민센터,경북 경산시 중방로125
대구교통공사,2호선,영남대,3,북부동,경북 경산시 북부동
대구교통공사,2호선,영남대,4,영남대학교,경북 경산시 대학로 280
대구교통공사,3호선,칠곡경대병원,2,칠곡차량기지,대구 북구 동호동
대구교통공사,3호선,칠곡경대병원,3,경북지방공무원교육원,대구 북구 칠곡중앙대로136길 11
대구교통공사,3호선,칠곡경대병원,4,칠곡경대병원,대구 북구 호국로 807
대구교통공사,3호선,학정,1,근로복지공단 대구병원,대구 북구 학정로 515
대구교통공사,3호선,학정,2,삼일자동차운전전문학원,대구 북구 구리로1길 91-12
대구교통공사,3호선,학정,3,경북대구낙농농협,대구 북구 구리로1길 45-10
대구교통공사,3호선,팔거(국립농관원·통계청),1,국립농산물품질관리원,대구 북구 동암로 76 
대구교통공사,3호선,팔거(국립농관원·통계청),2,통계청,대구 북구 동암로 64
대구교통공사,3호선,팔거(국립농관원·통계청),3,대구보건대학교병원,대구 북구 팔거천동로 209
대구교통공사,3호선,팔거(국립농관원·통계청),4,햇살요양병원,대구 북구 팔거천동로 224
대구교통공사,3호선,동천,1,동천동주민센터,대구 북구 대천로 81
대구교통공사,3호선,동천,1,동평중학교,대구 북구 대천로 123
대구교통공사,3호선,동천,1,구수산도서관,대구 북구 읍내동
대구교통공사,3호선,동천,1,함지초등학교,대구 북구 동천로 33
대구교통공사,3호선,칠곡운암,1,동천동우체국,대구 북구 동천로 3
대구교통공사,3호선,칠곡운암,1,관천중학교,대구 북구 구암로22길 7
대구교통공사,3호선,칠곡운암,1,동천119안전센터,대구 북구 구암로 155
대구교통공사,3호선,칠곡운암,1,한국농어촌공사 경북지역본부,대구 북구 구암로 158
대구교통공사,3호선,구암,1,대구강북고용센터,대구 북구 칠곡중앙대로 318
대구교통공사,3호선,구암,1,구암고등학교,대구 북구 태암남로11길 7
대구교통공사,3호선,구암,1,대구운전면허시험장,대구 북구 태암남로 38
대구교통공사,3호선,구암,1,보건전문대학,대구 북구 영송로 15
대구교통공사,3호선,태전,1,대구국토관리사무소,대구 북구 학정로1길 54
대구교통공사,3호선,태전,1,대구강북고용센터,대구 북구 칠곡중앙대로 318
대구교통공사,3호선,태전,1,태전2동 주민센터,대구 북구 칠곡중앙대로52길 32
대구교통공사,3호선,태전,1,태암초등학교,대구 북구 칠곡중앙대로52길 56
대구교통공사,3호선,매천,1,태전동우체국,대구 북구 매전로 74
대구교통공사,3호선,매천,1,매천 고등학교,대구 북구 매전로 70
대구교통공사,3호선,매천,1,대구병원,대구 북구 칠곡중앙대로 194
대구교통공사,3호선,매천,1,대구태전동우체국,대구 북구 매전로 74
대구교통공사,3호선,매천시장,1,대구북부터미널,대구 북구 매천동
대구교통공사,3호선,매천시장,1,관문동주민센터,대구 북구 매천동 527-3
대구교통공사,3호선,매천시장,1,대구농수산물도매시장,대구 북구 매천로18길 34
대구교통공사,3호선,팔달,1,팔달중학교,대구 북구 매천로2길 19-22
대구교통공사,3호선,팔달,1,대구팔달초등학교,대구 북구 매천로2길 19-6
대구교통공사,3호선,공단,1,이마트 트레이스,대구 서구 팔달로 54
대구교통공사,3호선,공단,1,기아자동차 대구서비스센터,대구 북구 팔달로 53
대구교통공사,3호선,만평,1,서대구고속버스터미널,대구 북구 팔달로 103
대구교통공사,3호선,만평,1,만평시장,대구 서구 달서천로57길 45
대구교통공사,3호선,만평,1,대구삼영초등학교,대구 북구 3공단로 14길 31
대구교통공사,3호선,팔달시장,1,팔달신시장,대구 북구 노원동3가
대구교통공사,3호선,팔달시장,1,인지초등학교,대구 서구 서대구로66길 20
대구교통공사,3호선,팔달시장,1,비산5동주민센터,대구 서구 달서천로65길 17
대구교통공사,3호선,팔달시장,1,M병원,대구 북구 팔달로 147
대구교통공사,3호선,원대,1,노원동주민센터,대구 북구 노원로10길 166
대구교통공사,3호선,원대,1,원대동주민센터,대구 서구 달서로55길 5
대구교통공사,3호선,원대,1,북침산치안센터,대구 북구 침산남로 25
대구교통공사,3호선,원대,1,노원동우체국,대구 북구 팔달로 195
대구교통공사,3호선,북구청,2,서구제일종합사회복지관,대구 서구 옥산로6길 9
대구교통공사,3호선,북구청,3,달성초등학교,대구 서구 고성로 127
대구교통공사,3호선,북구청,4,고성동주민센터,대구 북구 고성로 31길 21
대구교통공사,3호선,북구청,1,대구북부경찰서,대구 북구 원대로 100
대구교통공사,3호선,북구청,1,북구청,대구 북구 옥산로65
대구교통공사,3호선,북구청,1,북대구세무서,대구 북구 원대로 124
대구교통공사,3호선,달성공원,1,중구보건소,대구 중구 태평로 45
대구교통공사,3호선,달성공원,2,달성동우체국,대구 중구 달성공원로 74
대구교통공사,3호선,달성공원,3,달성공원,대구 중구 달성공원로 35
대구교통공사,3호선,달성공원,4,수창초등학교,대구 중구 달성로22길 30
대구교통공사,3호선,서문시장(동산병원),1,성내3동주민센터,대구 중구 서성로13길 32-10
대구교통공사,3호선,서문시장(동산병원),2,대성초등학교,대구 서구 국채보상로 426
대구교통공사,3호선,서문시장(동산병원),3,서문시장,대구 중구 큰장로26길 45
대구교통공사,3호선,서문시장(동산병원),4,동산병원,대구 중구 달성로 56
대구교통공사,3호선,서문시장(동산병원),3,계성고등학교,대구 중구 달성로 35
대구교통공사,3호선,청라언덕,5,남산초등학교,대구 중구 남산로 70
대구교통공사,3호선,청라언덕,4,남산4동우체국,대구 중구 남산로 79
대구교통공사,3호선,남산,1,남산3동주민센터,대구 중구 남산로4길 70
대구교통공사,3호선,남산,2,계명대학교 대명캠퍼스,대구 남구 대명3동 2139
대구교통공사,3호선,남산,3,남산4동주민센터,대구 중구 남산4동 2509-2
대구교통공사,3호선,남산,1,경북공업고등학교,대구 중구 남산로 20 
대구교통공사,3호선,남산,2,신남치안센터,대구 중구 명덕로 95
대구교통공사,3호선,명덕(2.28민주운동기념회관),1, 남산1동주민센터 ,대구 중구 2·28길 18-15
대구교통공사,3호선,명덕(2.28민주운동기념회관),3,경북예술고등학교,대구 남구 중앙대로47길 30
대구교통공사,3호선,명덕(2.28민주운동기념회관),4,대구시남구보건소,대구 남구 영선길 34
대구교통공사,3호선,명덕(2.28민주운동기념회관),1,남산동우체국,대구 중구 중앙대로 265
대구교통공사,3호선,건들바위,1, 진각문화회관 ,대구 중구 명덕로 261
대구교통공사,3호선,건들바위,2,중남부수도사업소,대구 남구 이천로 147
대구교통공사,3호선,건들바위,3,이천동주민센터,대구 남구 이천로28길 18
대구교통공사,3호선,건들바위,4,대봉2동주민센터,대구 중구 대봉로45길 29
대구교통공사,3호선,대봉교,1,대봉도서관,대구 중구 대봉로 210
대구교통공사,3호선,대봉교,2,대구은행(대봉동지점),대구 남구 명덕로 308
대구교통공사,3호선,대봉교,3, 강변타운 아파트 ,대구 남구 이천동
대구교통공사,3호선,대봉교,4,남산고등학교,대구 수성구 신천동로 364
대구교통공사,3호선,수성시장,1,서한이다음 아파트,대구 수성구 수성동1가
대구교통공사,3호선,수성시장,2,대구 동성초등학교,대구 수성구 수성로 311
대구교통공사,3호선,수성시장,3,수성치안센터,대구 수성구 들안로54길 26
대구교통공사,3호선,수성시장,4,수성시장,대구 수성구 들안로 285-57
대구교통공사,3호선,수성구민운동장,1,범어우방우편취급국,대구 수성구 동대구로 222
대구교통공사,3호선,수성구민운동장,1,대구지방고용노동청,대구 수성구 동대구로 231
대구교통공사,3호선,수성구민운동장,1,범어1동주민센터,대구 수성구 범어천로 97
대구교통공사,3호선,수성구민운동장,1,수성구민운동장,대구 수성구 범어1동 356
대구교통공사,3호선,어린이회관,1,대구광역시과학교육원,대구 수성구 동대구로 172
대구교통공사,3호선,어린이회관,1,대구과학고등학교,대구 수성구 동대구로 154
대구교통공사,3호선,어린이회관,1,어린이회관,대구 수성구 동대구로 176
대구교통공사,3호선,어린이회관,1,동산초등학교,대구 수성구 동대구로42길 29
대구교통공사,3호선,황금,1,대구시노인종합복지회관,대구 수성구 황금동
대구교통공사,3호선,황금,1,수성문화원,대구 수성구 들안로16길 78 지방자치단체청사
대구교통공사,3호선,황금,1,황금중학교,대구 수성구 들안로32길 40
대구교통공사,3호선,황금,1,황금2동주민센터,대구 수성구 청수로31길 45
대구교통공사,3호선,수성못(TBC),1,TBC대구방송국,대구 수성구 동대구로 23
대구교통공사,3호선,수성못(TBC),1,대구두산초등학교,대구 수성구 동대구로6길 31
대구교통공사,3호선,수성못(TBC),1,두산동주민센터,대구 수성구 무학로 112
대구교통공사,3호선,수성못(TBC),1,대구남양학교,대구 수성구 무학로37안길 6
대구교통공사,3호선,지산,1,지산1동주민센터,대구 수성구 지범로21길 16
대구교통공사,3호선,지산,1,대구지방경찰청,대구 수성구 무학로 227
대구교통공사,3호선,지산,1,지산2동주민센터,대구 수성구 용학로33길 9
대구교통공사,3호선,지산,1,지산동우체국,대구 수성구 지범로 149
대구교통공사,3호선,범물,1,대구지봉초등학교 ,대구 수성구 지범로31길 45
대구교통공사,3호선,범물,4,동아백화점수성점 ,대구 수성구 지범로 191
대구교통공사,3호선,범물,3,KT범물지사,대구 수성구 범안로 33
대구교통공사,3호선,범물,2,지산근린공원,대구 수성구 지산동
대구교통공사,3호선,용지,4,수성구립용학도서관 ,대구 수성구 지범로41길 36
대구교통공사,3호선,용지,3,범물1동주민센터,대구 수성구 범안로 76
대구교통공사,3호선,용지,2,범물2동주민센터,대구 수성구 범안로 52
대구교통공사,3호선,용지,1,범일중학교,대구 수성구 지범로41길 23
